BOOTH_ACTIVE_DAY,BOOTH_LIST,GROUP_NAME
1,"A01,A02",OriginZero
1,A03,MAI
1,A04,心重力動漫工作室
1,"A05,A06",蒼銀之星
1,A07,殺必死天國
1,"A08,A09",闇夢館
1,"A10,A11",三色坊
1,"A12,A13",有害蕈類集會所
1,A14,BsWs黑星白星
1,"A15,A16",黑蛛白蛛
1,"A17,A18",御狐亭
1,A19,Cabbage_ex 白菜滷
1,A20,楓糖藍莓塔
1,"A21,A22",traco strawberry
1,"B01,B02",Himoata
1,B03,OHLAND
1,B04,lawliet liaw art
1,B05,妖幻狐
1,B06,小波波利那可可
1,B07,兔仔咖啡凍
1,B08,方舟特別市
1,B09,姬瑟研
1,B10,1%小風
1,"B11,B12",銅雀臺
1,"B13,B14",淺墨閣
1,"B15,B16",一米七雪貓
1,"B17,B18",wasa米米米
1,B19,NoazZark-NZ
1,B20,放課後、櫻Cafe
1,"B21,B22",帕淇Pachi
1,"B23,B24",Luminous冷凝
1,"B25,B26",居狸GLI
1,"B27,B28",肚臍轉圈圈
1,B29,鬍渣大叔
1,B30,吉喵熊熊
1,B31,老農李澤的大菜園
1,B32,leo795的暫定名稱
1,B33,Shawn_artTW乾你拿
1,B34,鳩DEVIL部
1,B35,SuperAppleMan
1,B36,娜卡黛西
1,B37,Ame
1,"B38,B39",三酸化炭素
1,B40,Lotai愛莉塔
1,"B41,B42",翻車貓MoNya MoNya
1,B43,七叔神社
1,B44,Shouyou
1,"C01,C02",草莓電波
1,C03,LA69
1,C04,茨城的繪圖小窩
1,C05,RMO個人
1,C06,404便利通販
1,"C07,C08",雪兔紙
1,"C09,C10",奶油湯匙
1,C11,wen
1,C12,旅月月
1,C13,NNK777
1,C14,尾戒螺旋律
1,C15,小顆子
1,C16,空白頁。
1,"C17,C18",美味兔堡
1,C19,NABI0 蝶呤
1,C20,Shirakawako
1,"C21,C22",Jun&Yuri
1,"C23,C24",星米恩
1,"C25,C26",Wish+希冀之翼+
1,"C27,C28",黒炎紳士
1,C29,興趣始燃
1,C30,冬雪紛飛
1,C31,烏龍拿鐵
1,C32,咪乓
1,C33,米鬚的攤
1,C34,捷昇事務所
1,C35,JTGroup
1,C36,NANAKEN
1,"C37,C38",塗鴉星狐窩
1,"C39,C40",空想工房．Reverie Studio
1,C41,Ya喵子的貓窩
1,C42,貿貿咬一口
1,C43,藝吟花園
1,C44,書櫃裡的謎之物
1,D01,貓兒迷雅
1,D02,咩咩繪夢工坊
1,"D03,D04",任務了解
1,"D05,D06",Ellie工作坊
1,D07,御用飯糰 Onigiri
1,D08,特級菇菇販賣埸
1,D09,紅色荔枝樹
1,D10,舞舞神拳
1,D11,奇怪的東西混入了
1,D12,沙拉油滑倒油
1,D13,風光宴會
1,D14,SyuanIshen
1,D15,貓窩沒有貓
1,D16,G.A.S.
1,D17,MacaronKnight
1,D18,共聚物精靈Copolymer Wizard
1,D19,延畢牲遊戲研究所
1,D20,Hosto
1,"D21,D22",WaterRing 水鈴鈴
1,"D23,D24",狛荷屋
1,D25,玉草工業
1,D26,8七兔
1,"D27,D28",FOODpenguin
1,D29,xinsworkshop
1,D30,今天不想畫
1,D31,sentter森特繪
1,D32,紺色果実
1,"D33,D34",幽塗
1,D35,44c_isaac
1,D36,跑跑鼬 Runyo
1,D37,古比
1,D38,符合舟禮
1,D39,邪惡明太子
1,"D40,D41",グリモア
1,D42,nAKolus
1,D43,Kivotonuz
1,D44,悶騷的盤子
1,"E01,E02",桑尤姆的部屋
1,E03,Shadow sensei
1,E04,萊納的鍊金工廠
1,E05,稻羽茶屋
1,E06,さざなみ壊変_
1,E07,瑞宅
1,E08,秋森萬玩具店
1,E09,EATOS
1,E10,雙雙屋YOYOYA
1,E11,多肉生物
1,E12,Chip薯片沒朋友
1,E13,修修咻ACG
1,E14,南方山竹筍
1,"E15,E16",Hoodier Collection
1,"E17,E18",鉛筆盒
1,"E19,E20",[CHOCOLATE SHOP]
1,"E21,E22",助客勃
1,"E23,E24",炉研所
1,E25,兔子老大
1,E26,甜品製造所
1,"E27,E28",電梯上樓
1,"E29,E30",台北人
1,E31,憋氣直到完售
1,E32,得閒飲茶
1,E33,依琉iRu
1,E34,風藝windarteam
1,E35,蝶屋和猫
1,E36,林檎效應
1,E37,環繞著土星的光環
1,E38,青雨閣
1,E39,いちごうららか
1,E40,ETERNAL LAND
1,"E41,E42",Varlyn琳
1,"E43,E44",Ebimochi蝦餅
1,F01,萌妹子前線
1,F02,Blue civet
1,F03,まふゆ
1,F04,吞星之鯨吞我心
1,F05,GODNASK
1,F06,大同大學ACG繪畫暨藝術研習社
1,"F07,F08",CloBA ART
1,"F09,F10",下空社
1,F11,Karen
1,F13,ANGEL X ANGEL
1,F14,高橋わな美と日本・福島・台灣拉麵組っ！
1,F15,即樂堂
1,F16,やまぐちぷりんと
1,F17,カカオポッド
1,F18,LunaBerry
1,F19,Nekoatlantis
1,F20,みりおんばんく
1,F21,しゅにち関数
1,F22,KAROMIX
1,"F23,F24",TRY&方言二人社会
1,F25,KAWORU卡歐露
1,F26,葛西的腐敗西瓜園
1,"F27,F28",Yuki Azuma / Imomuya – Singleton
1,F29,aPriori
1,F30,Faunas
1,"F31,F32",Handoru 寒濤旅社
1,F33,ISKM伊聲懸命舖
1,F34,A-ONE 日
1,"F35,F36",超易孕妊天堂
1,"F37,F38",世界樹圖書館
1,F39,柏斯X南門
1,"F40,F41",FENNEC
1,F42,白い狐の住む社
1,"F43,F44",米ナス
1,"G01,G02",white parabellum
1,"G03,G04",XTER
1,"G05,G06",楓糖蛋塔
1,"G07,G08",林檎林
1,G09,Kakureme 躲龜龜
1,G10,罐子牧場
1,"G11,G12",二色幽紫蝶
1,"G13,G14",鬍子的美人茗茶
1,G15,蛞蝓肉舍
1,G16,電諾丘工訪
1,"G17,G18",RongChuhan榮初涵
1,G19,嘎唄唄
1,G20,快樂濕大象
1,"G21,G22",MAIDOLL
1,"G23,G24",TwinBox
1,"G25,G26",雙子亭
1,"G27,G28",しぐにゃん
1,G29,宇宙波神山崎本社
1,G30,Delayder
1,G31,怪獸少女KaijuShoujo
1,G32,瓜茶ice社
1,"G33,G34",緋い笑撃
1,"G35,G36",メルヘンBOX
1,G37,Sweet Avenue
1,G38,失去明天(あしたをなくす)
1,"G39,G40",SAEU
1,G41,安全第一
1,G42,Omelet Cream
1,"G43,G44",捕食少女
1,"H01,H02",吃餅進ジーン
1,"H03,H04",米豆綠Midori
1,"H05,H06",桃桃吃桃桃
1,H07,希朵米_Hitomi
1,H08,交通大學漫畫社
1,H09,阿熊是一隻熊
1,H10,Mo子宅屋
1,"H11,H12",saumoniere栗子鮭魚屋
1,"H13,H14",哈魯醬
1,H15,Runeiscute
1,H16,DAi
1,"H17,H18",Humidity
1,H19,狐狸的伊盞登
1,H20,超級米漿
1,"H21,H22",坊橋夜泊
1,"H23,H24",B.c.N.y.
1,"H25,H26",GAKAKU
1,H27,PIA横浜
1,H28,沖島灯台
1,H29,幻想布萊梅
1,H30,寒武紀化石
1,H31,薑黃貓工作室
1,H32,阿農Anon
1,H33,暖心咖啡廳
1,H34,ACGN創作權益推動協會
1,H35,照燒貓teriyakicat
1,H36,Blaze Wu
1,H37,夜貓館咖啡屋
1,H38,SCIFASAURUS(海穹文化)
1,"H39,H40",Hsun Craft Studio
1,"H41,H42",夜行動物館
1,"H43,H44",成為奪心魔之必要
1,"I01,I02",天之火
1,"I03,I04",Krenz’s Artwork
1,I05,女孩日常
1,"I06,I07",雪之饗
1,I08,米茲米茲
1,I09,芙子煉的藝想室X小黃瓜口味冰泡芙
1,I10,Birdink
1,I11,超開星STARRR
1,I12,秘密貓貓繪創作
1,"I13,I14",新夭 Brainholesky
1,"I15,I16",加零在電線桿下
1,I17,夜行飛船
1,I18,Frankiew Yip
1,I19,英國酒狐
1,I20,格里芬故事屋
1,"I21,I22",SQUARD FIVE
1,"I23,I24",MiraKE
1,I25,莊園女工休息室
1,I26,Shouki’s nest
1,I27,Dark-yard.studio
1,I28,犬狸貓手作
1,I29,TwelveStudios
1,I30,營養口糧兵工廠
1,"I31,I32",微塵事務所
1,I33,Ghost City
1,I34,one one collection
1,I35,觸電工作室
1,I36,好點子
1,I37,柚柊工房
1,I38,KH MODEL STUDIO
1,"I39,I40",可奈肉蛋屋
1,"I41,I42",眾惡堂工坊
1,"I43,I44",角落工作室
1,"J01,J02",琉璃茉莉 原創設計
1,"J03,J04",異私特
1,"J05,J06",艾宅團
1,"J07,J08",克特小舖
1,"J09,J10",+喵耳園魔法道具屋+
1,J11,三分糖手作中
1,J12,光影之下
1,"J13,J14",瑪魯瑪魯手創
1,J15,愛做夢的人
1,J16,Cunomon庫糯夢
1,"J17,J18",模型優創
1,J19,ブルーブルルー
1,J20,奶油玉米的呆毛
1,"J21,J22",FuwaFuwa軟趴趴
1,J23,M片 m-pien
1,J24,RayP
1,J25,M.O.K.茶包
1,J26,全麥醬子
1,J27,少女廢墟茶會
1,J28,FC社
1,J29,恐龍園
1,J30,一個小路人
1,"J31,J32",紙皮盒paper @BOX
1,J33,MO-BO
1,J34,超頻者佑霖
1,"J35,J36",丁丁烤魚魚
1,"J37,J38",Fikushon 虛構社
1,J39,Experiment BitsByBits
1,J40,來世想當水母
1,J41,迷你爆竹
1,J42,Good Chemistry
1,"J43,J44",mania8522191
1,K01,兔肉罐頭
1,K02,布來沒Bremen
1,"K03,K04",Hua華兔
1,K05,島明
1,K06,RoyBoy羅蔔坑
1,K07,ららりらら
1,K08,SIDEREAL
1,K09,南蠻工作室
1,K10,VIOLA已躺平
1,K11,Magical Meow
1,K12,赤月工作室_AKA Tsuki
1,"K13,K14",Waifubait
1,K15,火星入侵
1,K16,岸間晴乃のイラストテンジ
1,K17,大波斯菊花園
1,K18,大概是…夭謬?
1,K19,左と右 – 左右子個人
1,K20,Yui喵喵喵喵
1,K21,阿不思1號
1,K22,in起FAFA
1,"K23,K24",士雷
1,"K25,K26",富士繪社
1,"K27,K28",麒麟的快樂繪圖之家
1,"K29,K30",DeityMark
1,K31,阿嵐章魚繪圖手作舖
1,K32,LAW
1,K33,明天的章魚也想當香腸
1,K34,北科大ACGM研究社
1,K35,夜繪飯
1,K36,KyoTo
1,"K37,K38",砂糖駅
1,K39,快樂炸蝦
1,K40,梟心組
1,K41,SophieK極品菲宅
1,K42,K楓悅
1,"K43,K44",DiceBomb
1,"L01,L02",椰子喵咖啡屋
1,L03,Harurunoe
1,"L04,L05",AE
1,L06,Flaneur
1,"L07,L08",一心三惑
1,L09,然後她就lost掉了
1,"L10,L11",黎查
1,L12,黑糖糕感謝祭
1,"L13,L14",猫犬屋
1,L15,咪狗工作室
1,L16,Aironia
1,"L17,L18",富士浅間堂
1,L19,IVY
1,L20,イレブンナイン
1,"L21,L22",銀貂兔工作室
1,"L23,L24",洛可洛斯特鬆餅屋
1,"L25,L26",LMLive
1,L27,台日友好Vtuber企画
1,L28,成長の カメ
1,"L29,L30",樂弦小屋
1,L31,臺師大VLSI虛擬偶像研究社
1,L32,川崎重工
1,L33,LiliumCasablanca
1,L34,RiverBit川比特
1,L35,雜魚市場
1,L36,Millet@半米紀行
1,L37,臺灣大學虛擬藝人研究社
1,L38,太空垃圾
1,"L39,L40",Glassturz
1,"L41,L42",ハチゴねこどーなつ
1,L43,莫名其妙
1,L44,一虎虎虎
1,"M01,M02",U00住院部
1,M03,鳥語花箱
1,M04,JING式柑仔店
1,M05,傅立葉秘密基地
1,M06,食Channel
1,M07,屬於尼的士議院
1,M08,全糖里斯
1,"M09,M10",KIMINA STUDIO
1,"M11,M12",HuHome
1,"M13,M14",銀河菓子店
1,M15,天台工作室
1,M16,JEN._.
1,M17,梁柯夢
1,M18,蜂巢起司
1,"M19,M20",蜂蜜堅果
1,"M21,M22",TSA studio
1,"M23,M24",貓祭NekoLive
1,M25,桑好美盤
1,M26,步羽羽魔法部
1,M27,EN異界書坊
1,M28,蔦屋
1,M29,奉池 Fonchi
1,M30,小雪Yukichan
1,M31,雨喵
1,M32,金華火腿
1,M33,逐星工作室
1,M34,森林裡有熊窩
1,M35,特異點
1,M36,彩魚七海
1,M37,狐媚娘達亞•FoxDaya
1,M38,捏捏捏祈
1,M39,眾水之音
1,M40,十塔星飛船總部
1,M41,由庫里muA
1,M42,VerseLink
1,"M43,M44",AoiHinamori
1,"N01,N02",骨頭蹦
1,N03,蘿莉楓糖漿
1,N04,じるふぁん
1,"N05,N06",畫圖怠惰症候群
1,"N07,N08",鳥和え豆
1,"N09,N10",HEART-WORK
1,N11,すこすここん部
1,N12,羊亞科
1,N13,鈴澤姛
1,N14,nekoda
1,"N15,N16",弾KAIOU
1,"N17,N18",快樂美乃滋
1,"N19,N20",亞果工房
1,"N21,N22",奶昔工房 Milkshake Work
1,"N23,N24",Damier Cookie 妲米餅乾
1,N25,幼彩社
1,N26,東泉重車
1,"N27,N28",ZEN
1,"N29,N30",白夢亭
1,N31,ニオ不是二才
1,N32,ISANAquarium
1,N33,Soselの天真爛漫パラダイス
1,N34,赤泉重工
1,N35,Arisu24
1,N36,回回拉麺
1,N37,HoR
1,N38,魔法燒酒
1,N39,米克的倉庫
1,"N40,N41",O.N Art Works
1,N42,TOHOORIN
1,"N43,N44",喵燐堂TOHOORIN
1,"O01,O02",御宅eden
1,"O03,O04",Prodejavu
1,"O05,O06",GS Virtual
1,"O07,O08",蛞蝓.菠菜丼
1,"O09,O10",貓箱社
1,"O11,O12",さかな公園
1,O13,摸魚的形狀
1,O14,Arrow Workshop
1,O15,Plumesyoukai
1,"O16,O17",筑波的快樂輻射森林
1,O18,企鵝工坊
1,"O19,O20",娘娘
1,O21,奈櫻工坊
1,O22,蘿莉甜點工坊
1,"O23,O24",Demahmw代碼
1,O25,33号部屋
1,O26,真龍第四帝國
1,O27,塗鴉時空間
1,O28,中央動畫社
1,"O29,O30",Feshana
1,O31,U235核燃動力
1,O32,野獸關東煮帝國(黑輪)
1,"O33,O34",初夏百景
1,O35,六本木製作所
1,O36,菇菇の王樣
1,O37,ＵＲＡＮ-ＦＡＣＴＯＲＹ
1,O38,おほしさま堂!
1,"O39,O40",ＳＨＩＮＩＮＧ
1,O41,奇譚異書齋
1,O42,星野ちゃん
1,O43,部屋26C
1,O44,比雕飛飛
1,"P01,P02",少搬三箱 席恩C嘻完售雞精會
1,P03,隨意坊
1,P04,TY楓
1,"P05,P06",蛋白質会社
1,"P07,P08",馬賽克 Mosaics
1,P09,吹雪翻譯
1,P10,C.U.Wa
1,P11,噴射毛球
1,P12,はんげつ_15
1,"P13,P14",Cilentz
1,P15,塩辛猫屋
1,P16,銀水杯 SilverCup
1,P17,Woo !sland
1,P18,日田天領水溝水(仮)
1,"P19,P20",白色房間
1,"P21,P22",凜凜魚懶懶的畫圖樂園
1,"P23,P24",東泉重工
1,"P25,P26",Aya/アヤ
1,P27,JMao睫毛貓舍
1,P28,Kakela*Hane
1,P29,丘比重工
1,P30,Devid Artworks
1,P31,隻雞麵包坊
1,P32,Asa
1,"P33,P34",NEOGOD
1,"P35,P36",秋山Akiyama
1,"P37,P38",蘑菇蟲(きのこむし)
1,"P39,P40",宅即門
1,"P41,P42",KS’ Works
1,"P43,P44",迷你翠
1,"Q01,Q02",Eagle鷹式本攝
1,"Q03,Q04",甘娜Ping
1,"Q05,Q06",NUNA 姊語
1,"Q07,Q08",紅葉 Momiko
1,"Q09,Q10",野人文庫
1,Q11,錦燈Akari
1,Q12,deer62
1,Q13,赤瞳不是紅色眼睛
1,Q14,小羊/풍신 Kohitsuji_Pungsin
1,"Q15,Q16",安捏嘟賀 Dodo
1,"Q17,Q18",小艾
1,Q19,Stityo悠
1,Q20,三喬主公
1,"Q21,Q22",紀奈奈 Hatori Sama
1,"Q23,Q24",by0ru
1,"Q25,Q26",HattieCosplay
1,Q27,筱望 SiuMong
1,Q28,奶茶Mirukuti
1,"Q29,Q30",菇菇Kinoko
1,Q31,天世コーポレーション
1,Q32,にごろらぼ
1,"Q33,Q34",黑川小牛的家
1,"Q35,Q36",優 Yuki Cosplay
1,"Q37,Q38",小律 Ritsu
1,"Q39,Q40",火火KaKa
1,"Q41,Q42",花梨Hanari
1,"Q43,Q44",藍幽Namyau
1,"R01,R02",兔兔蟲cosplay
1,"R03,R04",MIYANA咪呀
1,R05,沐木大魔王
1,R06,NekoMimi工作室
1,"R07,R08",米浮mifu
1,"R09,R10",Yuzuki柚姬
1,R11,KinaKina
1,R12,愛莉Iri
1,R13,呱心惡魔
1,R14,丁丁dingding
1,"R15,R16",Moling墨鈴
1,"R17,R18",Nori何苔苔
1,"R19,R20",燼璃JinLi
1,"R21,R22",牛牛Niu
1,"R23,R24",喬莉Choely
1,"R25,R26",角落人生_潔
1,"R27,R28",Hanaka@MiruMiu
1,"R29,R30",麵Mian
1,"R31,R32",Dane studio
1,"R33,R34",七七小姐_Miss Seven
1,R35,樹懶多多
1,R36,紫玥桃sakuramomo
1,"R37,R38",♡可凡kofan0331
1,"R39,R40",チワワプラネットの大統領
1,R41,四巫日Momihi cos
1,R42,小馬麗’Mary
1,"R43,R44",李龜Leeki
1,"S01,S02",つくねわーるど【DREAM.Project】
1,"S03,S04",シスルGenesith
1,"S05,S06",えい梨Eilias
1,S07,ふつれ.com
1,S08,猫耳メイド屋
1,S09,Rabbit hutch
1,S10,秘密基地
1,"S11,S12",JILI
1,S13,ねこのあくびとあさのいろ
1,S14,ぅゅちゃん寝る
1,S15,Ellyfam
1,S16,乃木乃木出版
1,"S17,S18",咖啡 cosplay
1,"S19,S20",培培帝國
1,"S21,S22",就是諾亞亞Noyaya
1,S23,ネトーチカ
1,S24,PEACHMILKY
1,"S25,S26",Annie Meow凜花花
1,"S27,S28",空姊姊的異想世界
1,S29,麥茶工作坊
1,S30,肉まん研究会
1,S31,每日健康每日希
1,S32,菈小菈本人
1,S33,甯甯的漂亮拖鞋和襪子
1,S34,亞紗 Asa
1,"S35,S36",Yume 小夢
1,"S37,S38",小喵喵不講舞德
1,"S39,S40",塔可喵喵教 TakoNeko
1,"S41,S42",Ruru茹茹
1,"S43,S44",熾鹿です
1,"T01,T02",林檎有駕照
1,"T03,T04",小漾樣x樣樣子
1,"T05,T06",Vivi林芝衣
1,T07,芙米是一隻小米蟲
1,T08,哥布林部落
1,"T09,T10",豬排今天想吃豬排飯
1,T11,豬視會攝Studio
1,T12,雙糖＊糖霜
1,T13,狐川_kitsunekawa
1,T14,みゆき·Miyuki
1,"T15,T16",Shey雪依
1,T17,小熊貓工作室
1,T18,容子
1,"T19,T20",Meikoです
1,"T21,T22",Tsuru鶴葵
1,"T23,T24",米米扣Mimiko
1,T25,肉排Niku cos
1,T26,LiNi Cosplay
1,"T27,T28",ㄚ田です(´ . .̫ . `)
1,T29,腿氏企業
1,T30,好了啦！拜寧特大號
1,"T31,T32",傑糯米工作室
1,"T33,T34",Tiffany小豬舍
1,"T35,T36",泥泥汝
1,T37,鮭魚要吃生的
1,T38,小朵time
1,"T39,T40",KUMAx石見三也
1,"T41,T42",星喵Aastaneko
1,"T43,T44",我4亞羅
1,"U01,U02",阿提Mzcca
1,U03,K.Y.HIRO
1,U04,大阪風男
1,U05,星之色
1,U06,Oruka的墨水浴缸
1,U07,鴨子塗鴉
1,U08,獸耳邏輯
1,U09,要不要升級成大滷麵
1,U10,HAGI_art
1,U11,永繪工坊
1,U12,規尬的書店
1,U13,夜觸人身
1,U14,青雨アメ
1,"U15,U16",龍龍的畫畫倉庫
1,U17,日初翱祥-陌千
1,U18,新竹高中嶺風動畫
1,"U19,U20",壞孤兒
1,"U21,U22",春日影研究所
1,"U23,U24",Rabbit Candy
1,U25,MARINE IRIS
1,U26,bbibinbing
1,"U27,U28",田中水草
1,"U29,U30",風船貓插畫神社
1,U31,AJ4N3
1,U32,小白熊
1,U33,月亮代表我的心
1,U34,你也是舞台少女？
1,"U35,U36",星夢亭
1,U37,J9文創鋪
1,U38,稚稚丸
1,"U39,U40",下空少女
1,U41,ISWUWUWU
1,U42,小菊小花園
1,"U43,U44",烏烏烏大維
1,"V01,V02",芋粿子
1,V03,六太日日人
1,V04,瓜子工坊
1,V05,Turbo Wing
1,V06,春ばる繪屋
1,V07,緋紅工房
1,V08,黑桐heton
1,V09,陪騎的快樂小舖
1,V10,DAMAO閑駒樓
1,V11,晴時陰偶陣雨工作室
1,V12,風雨陰晴故事販賣鋪
1,V13,MiruMiu
1,V14,KAZUYA
1,"V15,V16",花屋創意(花屋la fleur)
1,"V17,V18",心動美栗
1,V19,快樂罌粟花自耕農會
1,V20,T.K.C
1,"V21,V22",菟吉珍珠販售店
1,"V23,V24",壞菇社
1,"V25,V26",HAONI
1,"V27,V28",銅雀台
1,"V29,V30",Beebeebunny
1,V31,NAK
1,V32,chested
1,V33,花絵の万貨-AORI個人勢
1,V34,北極雪兔窩
1,"V35,V36",風鈴檔案W.C.A
1,V37,深海商舖
1,V38,CY Future
1,V39,踏雪嗚哇
1,V40,Gmi
1,"V41,V42",SamoAgo
1,"V43,V44",比鄰星域ProximaSector
1,W01,XIxeong
1,W02,K_Pring
1,"W03,W04",BIYA
1,"W05,W06",DISH
1,"W07,W08",REI’s ROOM
1,"W09,W10",鈴屋
1,"W11,W12",coneco.Y. (洋食小貓)
1,"W13,W14",超斬開
1,"W15,W16",消波ブロック社
1,"W17,W18",Bygin-白巾
1,"W19,W20",儒宅 Ruzhai
1,"W21,W22",佐川千尋
1,"W23,W24",地獄熱炒店
1,"W25,W26",醉宮Yomiya
1,W27,狐狐君
1,W28,百變恩恩
1,"W29,W30",Neko2AirLine
1,"W31,W32",背骨貓屋
1,"W33,W34",星花火
1,"W35,W36",風林火山 Naturefour
1,"W37,W38",SAKI-LAND
1,"W39,W40",Catity cosplay
1,"W41,W42",雨波HaneAme
2,"A01,A02",OriginZero
2,A03,MAI
2,A04,心重力動漫工作室
2,"A05,A06",蒼銀之星
2,A07,殺必死天國
2,"A08,A09",闇夢館
2,"A10,A11",三色坊
2,A12,有害蕈類集會所
2,"A13,A14",箱庭交響曲
2,A15,BsWs黑星白星
2,A16,黑蛛白蛛
2,A17,curry and rice(咖哩飯)
2,A18,Haku Works
2,"A19,A20",Atelier Kingyo(金魚工房)
2,"A21,A22",traco strawberry
2,"B01,B02",CIAN YO
2,B03,OHLAND
2,B04,wasa米米米
2,B05,粉色蒂國
2,B06,漂泊社
2,B07,阿熊人原木
2,B08,黑木耳大盤商
2,B09,不要那麼吉
2,B10,森間亭
2,"B11,B12",銅雀臺
2,B13,米恩坊
2,B14,淺墨閣
2,"B15,B16",一米七雪貓
2,B17,Chian’s artwork
2,"B18,B19",Kouchiku卡卡
2,B20,Akaneiro
2,"B21,B22",紅音色
2,"B23,B24",Luminous冷凝
2,B25,Takashie
2,B26,JAGOO
2,"B27,B28",肚臍轉圈圈
2,B29,鬍渣大叔
2,B30,吉喵熊熊
2,B31,橋本衝擊會社
2,B32,DOS
2,B33,蘿莉豹不吃DM63
2,B34,鳩DEVIL部
2,B35,SuperAppleMan
2,B36,娜卡黛西
2,B37,Ame
2,B38,三酸化炭素
2,B39,狐狸沒有耳朵
2,B40,兔仔咖啡凍
2,"B41,B42",LyNeva
2,B43,伊羅的畫廊
2,B44,Himoata
2,C01,草莓電波
2,C02,黒羊制作委員会会
2,C03,LA69
2,C04,茨城的繪圖小窩
2,C05,RMO個人
2,C06,Aminww阿明明
2,C07,小顆子
2,C08,丸杏亭
2,C09,Royalみるく
2,C10,麥芽堂
2,"C11,C12",大江戶外萌
2,C13,初夢蛙町
2,C14,尾戒螺旋律
2,"C15,C16",本本貓是一隻貓
2,C17,涼拌天窗
2,C18,美味兔堡
2,C19,NABI0 蝶呤
2,C20,Shirakawako
2,"C21,C22",Jun&Yuri
2,"C23,C24",御芊
2,"C25,C26",Wish+希冀之翼+
2,"C27,C28",黒炎紳士
2,C29,SIRIKA
2,C30,Miaosugoi
2,C31,Zerotabi
2,C32,VCCC
2,C33,特雷普新寶島
2,C34,芋圓挫冰
2,C35,月面基地
2,C36,NANAKEN
2,C37,vococo
2,C38,Takiki Palette
2,C39,木瓜サンミゲル
2,C40,霧月社
2,C41,yee想天地
2,C42,墨貓空氣幻境
2,C43,本喵放空自我
2,C44,～黑色布丁～
2,D01,米蝦米
2,D02,Ya喵子的貓窩
2,"D03,D04",毛毛創森坊
2,D05,動物押花
2,D06,咩咩繪夢工坊
2,D07,藝吟花園
2,D08,冒出來的耳朵 | 珏兒
2,D09,紅色荔枝樹
2,D10,星球蛋糕捲
2,D11,奇怪的東西混入了
2,D12,URA BOU
2,D13,讓我再多睡一會
2,D14,奶凰包
2,D15,Nemumi Parfait
2,D16,巧克歐蕾
2,D17,打牌萌
2,D18,稻禾工作室
2,D19,猫丸聯合會
2,D20,Hosto
2,"D21,D22",WaterRing 水鈴鈴
2,"D23,D24",狛荷屋
2,D25,ZM敏
2,D26,熱炒地獄
2,"D27,D28",FOODpenguin
2,D29,小雞塊嗶嗶
2,D30,神奇回收站
2,D31,遜咖歡樂屋
2,D32,將軍與殿下
2,D33,幽塗
2,D34,Ema箱
2,D35,HM Manga
2,D36,霜隕Lostar
2,D37,尼艾NiiE
2,D38,符合舟禮
2,D39,邪惡明太子
2,D40,古比
2,D41,博士還不能休息
2,D42,ADPong
2,D43,今天不想畫
2,D44,MAkoriii
2,E01,桑尤姆的部屋
2,E02,"No day,no night"
2,E03,Shadow sensei
2,E04,キネマ106
2,E05,稻羽茶屋
2,E06,さざなみ壊変_
2,"E07,E08",杏。Xing
2,E09,EATOS
2,E10,逸遊団
2,E11,恐怖白果醬
2,"E12,E13",包子部屋&大磨界+GIO
2,E14,俺企鵝
2,E15,Hoodier Collection
2,E16,圓桌會議
2,"E17,E18",鉛筆盒
2,"E19,E20",[CHOCOLATE SHOP]
2,"E21,E22",助客勃
2,E23,炉研所
2,E24,兔子老大
2,E25,風藝windarteam
2,E26,林檎效應
2,E27,色彩不耐症
2,E28,電梯上樓
2,E29,台北人
2,E30,這個名字有毒
2,E31,憋氣直到完售
2,E32,得閒飲茶
2,E33,グレートキャニオン
2,E34,柔らか青豆の温サラダ
2,E35,萬象澄澈
2,E36,黑暗小倉庫
2,E37,SAKUSAKU
2,E38,青雨閣
2,E39,いちごうららか
2,E40,ETERNAL LAND
2,"E41,E42",待援生活
2,E43,TiraMisuMisu
2,E44,Ebimochi蝦餅
2,F01,Kamiya神夜
2,F02,咪咪協會
2,F03,玥炭繪館
2,F04,蛞蝓闆娘
2,F05,GODNASK
2,F06,陳新貳
2,F07,Harkyan
2,F08,螺旋星夜
2,F09,空洞騎士屋
2,F10,貓窩沒有貓
2,"F11,F12",に向思考
2,F13,漸進式TAN線
2,F14,G.A.S.
2,F15,やまぐちぷりんと
2,F16,カカオポッド
2,F17,和(なごみ)
2,F18,LunaBerry
2,F19,Nekoatlantis
2,F20,みりおんばんく
2,F21,しゅにち関数
2,F22,KAROMIX
2,"F23,F24",TRY&方言二人社会
2,F25,KAWORU卡歐露
2,F26,5年目の放課後
2,"F27,F28",Yuki Azuma / Imomuya – Singleton
2,F29,德意少女
2,F30,Faunas
2,F31,Bedtime Story 被談聲聆
2,F32,霓聲工作室NeonVoice
2,"F33,F34",TAMUSIC
2,F35,OTAKU JAZZ COLONY
2,"F36,F37",東京アクティブNEETs
2,F38,黑子娛樂
2,F39,Hardes
2,F40,A-ONE 日
2,F41,Yonder Voice
2,F42,白い狐の住む社
2,"F43,F44",米ナス
2,"G01,G02",white parabellum
2,"G03,G04",XTER
2,"G05,G06",楓糖蛋塔
2,"G07,G08",林檎林
2,"G09,G10",あぶら畑(ATOM)グランテッド
2,"G11,G12",ATDAN & Criin
2,G13,田書坊
2,G14,東方project文文新聞資訊部
2,"G15,G16",夢光創意
2,G17,電諾丘工訪
2,G18,愛肉通販
2,G19,快樂濕大象
2,G20,Sky-FreeDom Arts
2,"G21,G22",Candy Club
2,"G23,G24",TwinBox
2,G25,雙子亭
2,G26,御饅頭帝国の逆襲
2,"G27,G28",しぐにゃん
2,"G29,G30",Rev3
2,"G31,G32",BANGSOM
2,G33,緋い笑撃
2,G34,23.4ド＆きのこのみ＆蜂蜜少女
2,G35,萌え北鉄道
2,G36,こむぎばたけ
2,G37,Sweet Avenue
2,G38,少搬三箱赤狐旅總黨部
2,"G39,G40",綾枷家の猫
2,G41,酒蔵～chichi～
2,G42,天狐城
2,"G43,G44",捕食少女
2,H01,咖哩東
2,H02,ACG動漫迷的秘密會社
2,H03,數位軌道2
2,H04,台藝大極風漫研
2,H05,中原大學漫畫研習社
2,H06,台科大美術社
2,H07,studio e’kis
2,H08,交通大學漫畫社
2,H09,阿熊是一隻熊
2,H10,芙子煉的藝想室X小黃瓜口味冰泡芙
2,"H11,H12",saumoniere栗子鮭魚屋
2,"H13,H14",雙夏
2,H15,海洋大學光畫社
2,H16,HitenKei
2,H17,WAGA illustration
2,H18,＋そおの
2,"H19,H20",三食納豆飯
2,"H21,H22",坊橋夜泊
2,"H23,H24",B.c.N.y.
2,"H25,H26",GAKAKU
2,H27,PIA横浜
2,H28,喫茶　華楽里
2,H29,雪歌草’Art
2,H30,寒武紀化石
2,H32,白晝夜行
2,H33,蚩尤
2,H34,ACGN創作權益推動協會
2,H35,BiBiRoM
2,H36,Blaze Wu
2,H37,夜貓館咖啡屋
2,H38,草神
2,H40,創意漫畫大亂鬥
2,"H41,H42",夜行動物館
2,"H43,H44",成為奪心魔之必要
2,"I01,I02",天之火
2,"I03,I04",Krenz’s Artwork
2,"I05,I06",雪之饗
2,I07,正港奇片漫畫工作室
2,I08,賽路伊斯-七曜個人
2,I09,芝麻鳥事
2,I10,Birdink
2,"I11,I12",烯醇enol
2,"I13,I14",新夭 Brainholesky
2,I15,畫說日常
2,I16,格里芬故事屋
2,"I17,I18",景美仙姬巖
2,"I19,I20",LSS的機械陣地
2,I21,窩窩兔的兔兔窩
2,I22,墨繪師御歌頭
2,I23,微光創造
2,I24,愛做夢的人
2,I25,貓晏的小舖
2,I26,獸獸的玩具？ fur.shop
2,I27,Dark-yard.studio
2,I28,易爛
2,I29,TwelveStudios
2,I30,營養口糧兵工廠
2,"I31,I32",conscious8th
2,I33,G&K modeling
2,I34,one one collection
2,"I35,I36",粹心齋 模創空間
2,I37,KAYASE STUDIO
2,I38,KH MODEL STUDIO
2,I39,柚柊工房
2,I40,可奈肉蛋屋
2,I41,老雁小坊
2,I42,怪獸箱_monsterbox
2,"I43,I44",角落工作室
2,"J01,J02",日落之旅藥水舖
2,"J03,J04",異私特
2,J05,若若食堂
2,J06,Jolee二創手作
2,"J07,J08",手創館
2,"J09,J10",+喵耳園魔法道具屋+
2,J11,三分糖手作中
2,J12,光影之下
2,"J13,J14",艾宅團
2,"J15,J16",薛頭的塞
2,"J17,J18",狸奴小築
2,"J19,J20",ZAP製造所
2,"J21,J22",克特小舖
2,"J23,J24",好惠圖屋
2,J25,波比好朋友
2,J26,全麥醬子
2,J27,模型優創
2,J28,ブルーブルルー
2,"J29,J30",小壽司的快樂板板
2,J31,Meows Create 子猫丸
2,J32,南瓜男pumpkin man
2,J33,MO-BO
2,J34,平面狂想
2,J35,SSRB無限地下勞動部
2,J36,兔司-TuSi
2,J37,町貓貓町
2,J38,粗線條工房
2,J39,ふわふわにく屋
2,J40,草莓大亨堡
2,J41,鱷魚恐龍工作室
2,J42,Good Chemistry
2,J43,迷你爆竹
2,J44,mania8522191
2,K01,兔肉罐頭
2,K02,布來沒Bremen
2,"K03,K04",ZZZSTUDIO•樹懶工作室
2,K05,羊的老鼠窩
2,K06,RoyBoy羅蔔坑
2,K07,櫻花雪月
2,K08,SIDEREAL
2,"K09,K10",路地裏同盟
2,K11,兀幾斗wugedou
2,K12,零星集市（stellar zero market）
2,K13,春の屋
2,K14,致富密碼
2,"K15,K16",Miki is Otaku
2,K17,大波斯菊花園
2,K18,大概是…夭謬?
2,K19,左と右 – 左右子個人
2,K20,Yui喵喵喵喵
2,"K21,K22",howu好油聚集地
2,"K23,K24",士雷
2,"K25,K26",富士繪社
2,K27,麒麟的快樂繪圖之家
2,K28,繪宅米行
2,K29,月見猫屋
2,K30,闇光社
2,"K31,K32",T.A.K.O.水族館
2,K33,青頭白龍
2,K34,北科大ACGM研究社
2,K35,工坊夏至千里
2,K36,早安柴之美
2,K37,KyoTo
2,K38,砂糖駅
2,K39,海生番茄
2,K40,Anifanshion
2,K41,梟心組
2,K42,K楓悅
2,"K43,K44",DiceBomb
2,L01,椰子喵咖啡屋
2,L02,Glassturz
2,L03,赤兔芽
2,L04,Flaneur
2,L05,烏冬傳說
2,L06,74 Production
2,L07,蜂蜜堅果
2,L08,Millet@半米紀行
2,L09,波乙馬桶
2,L10,寄夢
2,L11,臺灣大學虛擬藝人研究社
2,L12,太空垃圾
2,L13,川崎重工
2,L14,臺師大VLSI虛擬偶像研究社
2,"L15,L16",萌夜茶会
2,"L17,L18",富士浅間堂
2,L19,IVY
2,L20,PoiLiang
2,"L21,L22",銀貂兔工作室
2,"L23,L24",洛可洛斯特鬆餅屋
2,L25,LMLive
2,L27,你們是女同事嗎
2,L28,星軌工作室
2,L29,薄荷花園
2,L30,紫貓屋ZimaoStudio
2,L31,咕咕郵務所
2,L32,人見巫拉拉
2,L33,七兔不好吃
2,L34,Gmi
2,"L35,L36",羽星吃星星
2,L37,莓芊宮
2,L39,EPO’s Art
2,L40,颶風攪拌機
2,"L41,L42",ハチゴねこどーなつ
2,"L43,L44",月貓創意
2,"M01,M02",U00住院部
2,"M03,M04",庫洛姆•Kuromu
2,M05,福呱娛樂
2,M06,與史萊姆共生的惡魔公主
2,M07,虛擬家長會-YUAN
2,M08,培式洋館
2,M09,全糖里斯
2,M10,無病習齋
2,M11,瞪白紙工房
2,M12,芆Z與他的繪圖好夥伴們
2,M13,U-232C
2,M14,週五沒朋友
2,M15,大阪風男
2,M16,K.Y.HIRO
2,"M17,M18",倫語project
2,M19,Esther
2,M20,芋粿子
2,"M21,M22",TSA studio
2,"M23,M24",貓祭NekoLive
2,"M25,M26",阡狐Huni
2,M27,EN異界書坊
2,M28,蔦屋
2,M29,棉
2,M30,小雪Yukichan
2,M31,雨喵
2,M32,金華火腿
2,M33,龍魔女望夜
2,M34,森林裡有熊窩
2,M35,特異點
2,M36,箱庭盆栽
2,M37,狐媚娘達亞•FoxDaya
2,M38,洛氏宗親會
2,M39,Nicha茶茶
2,M40,軟綿牧場
2,M41,瑪斯家
2,M42,RE炸雞店
2,"M43,M44",AoiHinamori
2,"N01,N02",骨頭蹦
2,N03,‘-Sakimiya-
2,N04,じるふぁん
2,"N05,N06",畫圖怠惰症候群
2,N07,regnie
2,N08,鳥和え豆
2,"N09,N10",HEART-WORK
2,N11,すこすここん部
2,N12,羊亞科
2,N13,KUWAZA哭挖砸
2,N14,歐派拜拜
2,N15,nekoda
2,N16,弾KAIOU
2,N17,快樂美乃滋
2,"N18,N19",Saturnalia
2,N20,亞果工房
2,"N21,N22",奶昔工房 Milkshake Work
2,"N23,N24",Damier Cookie 妲米餅乾
2,N25,幼彩社
2,"N26,N27",科摩多漁養殖場
2,N28,ZEN
2,N29,白夢亭
2,N30,人工降雨
2,N31,ニオ不是二才
2,N32,ISANAquarium
2,N33,Soselの天真爛漫パラダイス
2,N34,P&C手繪
2,N35,Arisu24
2,N36,魔法燒酒
2,N37,HoR
2,"N38,N39",Feshana
2,"N40,N41",O.N Art Works
2,N42,TOHOORIN
2,"N43,N44",喵燐堂TOHOORIN
2,"O01,O02",御宅eden
2,"O03,O04",Prodejavu
2,O05,PIKA NEKO
2,O06,CIRCLE WORKS
2,O07,ArnebWorks
2,O08,禽舍漫畫老濕
2,O09,甲Yeetの泡麵館
2,O10,貓箱社
2,O11,さかな公園
2,O12,摸魚的形狀
2,"O13,O14",筑波的快樂輻射森林
2,O15,王福的高速過彎填海打卡點
2,O16,小撿存檔點
2,O17,半里廣場
2,O18,四季注意
2,O19,春夏秋冬王國
2,O20,娘娘
2,O21,奈櫻工坊
2,O22,Noho
2,"O23,O24",Demahmw代碼
2,O25,33号部屋
2,"O26,O27",六六六亞
2,O28,中央動畫社
2,"O29,O30",琉璃庭
2,O31,Tomotan
2,O32,Okita Kung
2,"O33,O34",Tomodachi
2,"O35,O36",蜂巢
2,O37,菇菇の王樣
2,O38,おほしさま堂!
2,"O39,O40",ＳＨＩＮＩＮＧ
2,"O41,O42",紫晶星宇 白靈子&亞拉希
2,O43,部屋26C
2,O44,比雕飛飛
2,P01,少搬三箱 席恩C嘻完售雞精會
2,P02,EWAI
2,P03,吹雪翻譯
2,P04,TY楓
2,P05,Ekoru(代理)
2,P06,よねや
2,P07,Tempest 日本社團
2,P08,貓卵亭
2,P09,R.H本舖
2,P10,C.U.Wa
2,P11,雞肉卷集團
2,P12,はんげつ_15
2,P13,噴射毛球
2,P14,Woo !sland
2,P15,塩辛猫屋
2,P16,銀水杯 SilverCup
2,"P17,P18",BlueMage
2,"P19,P20",心動大鳥團
2,"P21,P22",凜凜魚懶懶的畫圖樂園
2,"P23,P24",東泉重工
2,P25,Aya/アヤ
2,P26,JMao睫毛貓舍
2,P27,ズイカク・フィクスター
2,P28,Kakela*Hane
2,P29,丘比重工
2,P30,完全に完璧に全壁に変態
2,P31,RIN
2,P32,アメアカリ
2,P33,檸檬酸循環
2,P34,NEOGOD
2,"P35,P36",Cigar Cat
2,"P37,P38",蘑菇蟲(きのこむし)
2,P39,古藤工作室 by MOMO
2,P40,Id_Han
2,"P41,P42",KS’ Works
2,P43,五連裝酸素茶葉罐
2,P44,秋山Akiyama
2,"Q01,Q02",伶伶 Linnng
2,Q03,汪汪 Won Cosplay
2,Q04,Have a Nai’s day
2,Q05,NUNA 姊語
2,Q06,小咩
2,"Q07,Q08",茉沫*MoMo
2,"Q09,Q10",野人文庫
2,Q11,你看這裡有一隻KIN
2,Q12,HIKOHIKO
2,"Q13,Q14",阿兆Ajo
2,Q15,兔紙Tuchih
2,Q16,月宮櫻Tsukimiya Sakura
2,"Q17,Q18",K的3次方
2,"Q19,Q20",wendydydydy
2,"Q21,Q22",三三殿下駕到
2,"Q23,Q24",#DREAMProject [JooA Cosplay]
2,Q25,HattieCosplay
2,Q26,Shiori cosplay
2,"Q27,Q28",AOI
2,"Q29,Q30",Cxiela
2,Q31,天世コーポレーション
2,Q32,工口中毒ガールM10
2,Q33,芋泥啵啵鮮奶綠
2,Q34,小羊/풍신 Kohitsuji_Pungsin
2,"Q35,Q36",貓草DAMA
2,Q37,剖貼頭 ✧ potato
2,Q38,百合吉娃娃
2,Q39,奶茶Mirukuti
2,Q40,菇菇Kinoko
2,"Q41,Q42",花梨Hanari
2,"Q43,Q44",藍幽Namyau
2,"R01,R02",‘+Ely Cosplay+
2,R03,兔兔蟲cosplay
2,R04,Yuzuki柚姬
2,R05,沐木大魔王
2,R06,結Yuiゆい
2,R07,0蛋黃女子由奈0
2,R08,野兔_Usako
2,R09,哈捏Hane
2,R10,阿慧社
2,R11,小薰的百變魔法衣櫥
2,R12,隳光拾影
2,R13,呱心惡魔
2,R14,丁丁dingding
2,"R15,R16",荼蘼的祕密花園
2,"R17,R18",Nori何苔苔
2,R19,錦燈Akari
2,R20,燼璃JinLi
2,"R21,R22",紀奈奈 Hatori Sama
2,"R23,R24",玄子Genko
2,"R25,R26",熾鹿です
2,R27,雨白掐哩甲白粉
2,R28,小琪 Aki Cosplayer
2,"R29,R30",麵Mian
2,R31,瑞紗Coresa
2,R32,Dane studio
2,"R33,R34",七七小姐_Miss Seven
2,R35,樹懶多多
2,R36,紫玥桃sakuramomo
2,"R37,R38",♡可凡kofan0331
2,R39,#DREAMProject Momo
2,"R40,R41",#DREAMProject Shimo
2,R42,#DREAMProject Usagi羽咲
2,"R43,R44",#DREAMProject Neneko
2,"S01,S02",つくねわーるど【DREAM.Project】
2,"S03,S04",猫田にまたたび
2,S05,みゃーのもと
2,S06,エビデタイヲツル
2,S07,にもりうむ
2,S08,もこたんち
2,S09,くるみゆべし
2,S10,りんごの木
2,S11,ひなのお茶会
2,S12,Keeko Club
2,S13,せなねっとさん
2,S14,ぅゅちゃん寝る
2,S15,Ellyfam
2,S16,乃木乃木出版
2,S17,Puo mart
2,S18,こんにゃろめ！
2,"S19,S20",non_nonsummerjack
2,S21,にごろらぼ
2,S22,HinataCollection
2,S23,ネトーチカ
2,S24,狐狐君
2,"S25,S26",Annie Meow凜花花
2,"S27,S28",Hiroshi studio
2,S29,包子研究社
2,S30,PEACHMILKY
2,S31,每日健康每日希
2,S32,菈小菈本人
2,S33,甯甯的漂亮拖鞋和襪子
2,S34,朵莉 Tori
2,S35,赤瞳不是紅色眼睛
2,S36,cho~
2,S37,小喵喵不講舞德
2,S38,水月研究所
2,S39,deer62
2,S40,塔可喵喵教 TakoNeko
2,S41,紫姝Murasaki
2,S42,よみ_Yomi
2,"S43,S44",akaoni 赤鬼伯伯
2,"T01,T02",餓小璇Miu
2,T03,Tee
2,T04,小漾樣x樣樣子
2,"T05,T06",Vivi林芝衣
2,T07,芙米是一隻小米蟲
2,T08,825
2,T09,Nao Cosplay
2,T10,阿璇Xuan
2,T11,豬視會攝Studio
2,T12,雙糖＊糖霜
2,T13,狐川_kitsunekawa
2,T14,みゆき·Miyuki
2,"T15,T16",Shey雪依
2,T17,小熊貓工作室
2,T18,天使堡佑
2,T19,容子
2,T20,Meikoです
2,"T21,T22",Helene海琳
2,"T23,T24",YuDan魚蛋
2,T25,肉排Niku cos
2,T26,LiNi Cosplay
2,T27,ㄚ田です(´ . .̫ . `)
2,T29,栞栞與她的奇妙小夥伴
2,T30,好了啦！拜寧特大號
2,T31,傑糯米工作室
2,T32,梓瞳ziton
2,"T33,T34",AKANE Cosplay
2,"T35,T36",泥泥汝
2,T37,鮭魚要吃生的
2,T38,KUMAx石見三也
2,T39,蜜雅mia
2,T40,曇kumori
2,T41,Luoying
2,T42,星喵Aastaneko
2,"T43,T44",教皇和牛專賣工作室
2,U01,鴨子塗鴉
2,U02,紡星社
2,"U03,U04",角角吉診室
2,U05,MWKK
2,U06,MR工作室
2,U07,PassingRain通り雨
2,U08,地方的哭逼有了繪版
2,"U09,U10",Anon Taiwan
2,U11,新橋本屋
2,U12,規尬的書店
2,U13,夜觸人身
2,U14,青雨アメ
2,U15,蟲蟲商號
2,U16,龍龍的畫畫倉庫
2,U17,KARAS押形
2,U18,新竹高中嶺風動畫
2,U19,魚燒
2,U20,壞孤兒
2,"U21,U22",春日影研究所
2,U23,Alice Hobbey何比
2,U24,Tibona
2,U25,狐狸的尾巴
2,U26,香のん可可 澁谷本舖
2,U27,野菇軍艦
2,U28,bbibinbing
2,"U29,U30",風船貓插畫神社
2,U31,AJ4N3
2,U32,MinuetWorks
2,U33,ボカロ虛擬歌姬交流會
2,U34,小白熊
2,U35,巨龍棲息地
2,U36,VSPOT
2,U37,雙馬尾協會
2,U38,同桌不同推
2,U39,木子的百合花園
2,U40,月亮代表我的心
2,U41,多多
2,U42,自由黑貓的紙箱
2,"U43,U44",烏烏烏大維
2,"V01,V02",大幼蟲
2,"V03,V04",MIBRY
2,V05,百元肉肉
2,V06,千煂+BS
2,V07,瑠璃瑠璃企画
2,V08,蘿蔔農學院
2,"V09,V10",貓專用牛乳
2,V11,卯時日和
2,V12,Rabbit Candy
2,V13,MiruMiu
2,V14,黑白工房
2,"V15,V16",花屋創意(花屋la fleur)
2,V17,EMO個人
2,V18,好緊先生
2,V19,雷光刻幻
2,V20,盛櫻之汀
2,"V21,V22",菟吉珍珠販售店
2,"V23,V24",壞菇社
2,"V25,V26",HAONI
2,"V27,V28",銅雀台
2,V29,貓咪窩
2,V30,交大動畫社
2,V31,交大 VTuber 社
2,V32,chested
2,V33,NAK
2,V34,六太日日人
2,V35,瓜子工坊
2,V36,NTUCCC台大卡漫社
2,V37,Socotaku帝大社研宅學組
2,V38,歸宅本部
2,"V39,V40",猛少女之拳
2,V41,AZURE DRAGON
2,V42,Beebeebunny
2,V43,ISWUWUWU
2,V44,比鄰星域ProximaSector
2,W01,XIxeong
2,W02,K_Pring
2,"W03,W04",BIYA
2,"W05,W06",DISH
2,"W07,W08",REI’s ROOM
2,"W09,W10",鈴屋
2,"W11,W12",coneco.Y. (洋食小貓)
2,"W13,W14",超斬開
2,"W15,W16",消波ブロック社
2,"W17,W18",Bygin-白巾
2,"W19,W20",儒宅 Ruzhai
2,"W21,W22",佐川千尋
2,"W23,W24",地獄熱炒店
2,"W25,W26",いおいおいおりん
2,"W27,W28",Goro
2,"W29,W30",Neko2AirLine
2,"W31,W32",背骨貓屋
2,"W33,W34",星花火
2,"W35,W36",風林火山 Naturefour
2,"W37,W38",SAKI-LAND
2,"W39,W40",Catity cosplay
2,"W41,W42",雨波HaneAme
3,"A01,A02",OriginZero
3,"A03,A04",蒼銀之星
3,"A05,A06",御狐亭
3,"A07,A08",箱庭交響曲
3,"A09,A10",DSP國際
3,A11,Cabbage_ex 白菜滷
3,A12,Xamu ArtWorks
3,A13,楓糖藍莓塔
3,A14,7B鉛筆
3,A15,AIZAWA 藍沢津
3,A16,NC731
3,A17,curry and rice(咖哩飯)
3,A18,Haku Works
3,"A19,A20",Atelier Kingyo(金魚工房)
3,"A21,A22",traco strawberry
3,"B01,B02",CIAN YO
3,B03,OHLAND
3,B04,lawliet liaw art
3,B05,粉色蒂國
3,B06,漂泊社
3,B07,阿熊人原木
3,B08,黑木耳大盤商
3,"B09,B10",森間亭
3,"B11,B12",帕淇Pachi
3,B13,米恩坊
3,"B14,B15",Hanasawa花澤
3,"B16,B17",Chian’s artwork
3,"B18,B19",Kouchiku卡卡
3,B20,Akaneiro
3,"B21,B22",紅音色
3,"B23,B24",奶油湯匙
3,B25,Takashie
3,B26,JAGOO
3,"B27,B28",河狸Biba
3,B29,Shawn_artTW乾你拿
3,B30,老農李澤的大菜園
3,B31,橋本衝擊會社
3,B32,肥肥紅鳥保育園區
3,B33,404便利通販
3,B34,鴨麻麻工作室
3,B35,Shouyou
3,B36,姬瑟研
3,"B37,B38",LyNeva
3,B39,虛位以待
3,B40,猫毛猫
3,"B41,B42",貓咪豆腐店
3,B43,伊羅的畫廊
3,B44,魚鵝不足
3,"C01,C02",黒羊制作委員会会
3,C03,夜玖旅團
3,C04,羅波田
3,C05,麻鼠麻肉
3,C06,四月兔工作坊
3,C07,深入研中心
3,C08,丸杏亭
3,C09,Royalみるく
3,C10,麥芽堂
3,"C11,C12",大江戶外萌
3,C13,NNK777
3,C14,空白頁。
3,"C15,C16",本本貓是一隻貓
3,C17,Pure Reverie
3,C18,OBAN KOBAN
3,C19,Makrows
3,C20,Zerotabi
3,C21,Miaosugoi
3,C22,SIRIKA
3,"C23,C24",御芊
3,C25,涼拌天窗
3,"C26,C27",箱貓效應
3,C28,麥茶園
3,C29,特雷普新寶島
3,C30,芋圓挫冰
3,"C31,C32",咪乓
3,C33,米鬚的攤
3,C34,yee想天地
3,C35,月面基地
3,C36,JTGroup
3,C37,vococo
3,C38,Takiki Palette
3,C39,木瓜サンミゲル
3,C40,媒丁豆子
3,C41,本喵放空自我
3,C42,墨貓空氣幻境
3,C43,～NEKONABE～
3,C44,～黑色布丁～
3,D01,米蝦米
3,D02,動物押花
3,"D03,D04",空想工房．Reverie Studio
3,"D05,D06",塗鴉星狐窩
3,"D07,D08",ミミトハウス1号
3,D09,冒出來的耳朵 | 珏兒
3,D10,HIWAWA工作室
3,D11,天狐城
3,D12,Kamiya神夜
3,D13,萌妹子前線
3,D14,猫丸聯合會
3,"D15,D16",巧克歐蕾
3,D17,打牌萌
3,D18,稻禾工作室
3,"D19,D20",亞瑪吉大肥羊
3,"D21,D22",ZM敏
3,D23,44c_isaac
3,D24,Shawn創作
3,D25,克蘿到底吸了多少
3,D26,熱炒地獄
3,D27,不要碰我的狗
3,D28,sentter森特繪
3,D29,小雞塊嗶嗶
3,D30,神奇回收站
3,D31,遜咖歡樂屋
3,D32,將軍與殿下
3,D33,博士還不能休息
3,D34,ADPong
3,"D35,D36",HM Manga
3,D37,尼艾NiiE
3,D38,蛞蝓闆娘
3,D39,陳新貳
3,D40,Kivotonuz
3,"D41,D42",に向思考
3,"D43,D44",一隻呆呆魚
3,E01,Mo子宅屋
3,E02,狐狸的伊盞登
3,E03,大同大學ACG繪畫暨藝術研習社
3,E04,格爾迪恩的芙拉爾
3,E05,紅凱塵伊-個人創作
3,E06,ZELITTO ARTWORK
3,E07,FLag不正常冒險者研究中心
3,E08,無何有
3,E09,肉世界
3,E10,即樂堂
3,E11,逸遊団
3,E12,萌妹萌
3,"E13,E14",包子部屋&大磨界+GIO
3,E15,恐怖白果醬
3,E16,紫乃沒有乃
3,E17,南方山竹筍
3,E18,圓桌會議
3,E19,カルデアコスメ
3,E20,カルデアごはん!!
3,E21,熊老大株式會社
3,E22,Chip薯片沒朋友
3,E23,驕傲香蕉
3,E24,Omelet Cream
3,"E25,E26",A-icu 龍の巣
3,E27,怪獸少女KaijuShoujo
3,E28,臨終サーカス
3,"E29,E30",感電少女注意報
3,"E31,E32",ざしきねこ
3,E33,魚腥貓窟
3,E34,海老玉
3,"E35,E36",irodori comics
3,E37,記得繳房貸
3,E38,邊緣小地方
3,"E39,E40",UAV實驗室
3,"E41,E42",ANRS Project
3,"E43,E44",哈魯醬
3,F01,Atha Atelier
3,F02,【ZENTENG】
3,"F03,F04",希朵米_Hitomi
3,F05,太空水龍頭恐慌
3,F06,老尾
3,F07,肉腿本舖NARU
3,F08,超級同人大戰
3,F09,仲夏の浣熊
3,F10,雌火竜非彼火竜
3,"F11,F12",ANGEL X ANGEL
3,F13,白百合堂
3,F14,高橋わな美と日本・福島・台灣拉麵組っ！
3,F15,毛毛精靈與牠們的喵喵迷因
3,F16,Kakureme 躲龜龜
3,"F17,F18",CloBA ART
3,F19,少搬三箱赤狐旅總黨部
3,F20,紙箱貓屋
3,"F21,F22",水餃寶包
3,"F23,F24",超級米漿
3,F25,F.W.ZHolic
3,F26,Karen
3,F27,本本力學實驗室
3,F28,aPriori
3,F29,AxiaBridge
3,F30,霓聲工作室NeonVoice
3,"F31,F32",Bedtime Story 被談聲聆
3,"F33,F34",TAMUSIC
3,F35,OTAKU JAZZ COLONY
3,"F36,F37",東京アクティブNEETs
3,F38,黑子娛樂
3,F39,Hardes
3,F40,柏斯X南門
3,"F41,F42",DAi
3,"F43,F44",Runeiscute
3,"G01,G02",Humidity
3,"G03,G04",安全第一
3,"G05,G06",下空社
3,"G07,G08",二色幽紫蝶
3,"G09,G10",あぶら畑(ATOM)グランテッド
3,"G11,G12",ATDAN & Criin
3,G13,田書坊
3,G14,東方project文文新聞資訊部
3,"G15,G16",夢光創意
3,"G17,G18",作業系統
3,G19,愛肉通販
3,G20,Sky-FreeDom Arts
3,"G21,G22",Candy Club
3,"G23,G24",世界樹圖書館
3,G25,樹蛙孤逃
3,G26,オンキュウ
3,G27,木吉高機動型
3,G28,鯊魚狗鯊鯊
3,"G29,G30",Rev3
3,"G31,G32",BANGSOM
3,G33,萌え北鉄道
3,G34,こむぎばたけ
3,G35,一顆馬鈴薯-燦
3,G36,深海魚缸
3,"G37,G38",湯米二七
3,"G39,G40",綾枷家の猫
3,G41,酒蔵～chichi～
3,G42,大御哦哦哦
3,"G43,G44",桃桃吃桃桃
3,H01,咖哩東
3,H02,ACG動漫迷的秘密會社
3,H03,數位軌道2
3,H04,台藝大極風漫研
3,H05,中原大學漫畫研習社
3,H06,台科大美術社
3,"H07,H08",studio e’kis
3,"H09,H10",向日葵茄子
3,H11,楊梅高中動漫社
3,H12,My Garden 我的庭園（羊毛氈手作坊）
3,"H13,H14",雙夏
3,H15,阿農Anon
3,H16,暖心咖啡廳
3,"H17,H18",＋そおの
3,"H19,H20",三食納豆飯
3,"H21,H22",悠代子
3,"H23,H24",B.c.N.y.
3,H25,Zudarts
3,H26,淡江大學鐵道社
3,H27,幻想布萊梅
3,H28,喫茶　華楽里
3,H29,雪歌草’Art
3,H30,寒武紀化石
3,H32,白晝夜行
3,H33,蚩尤
3,H34,Tobey·又·
3,H35,BiBiRoM
3,H36,Blaze Wu
3,H37,夜貓館咖啡屋
3,H38,草神
3,"H39,H40",Hsun Craft Studio
3,H41,SCIFASAURUS(海穹文化)
3,H42,CATPOT x KUSA
3,"H43,H44",成為奪心魔之必要
3,"I01,I02",天之火
3,"I03,I04",加零在電線桿下
3,I05,畫說日常
3,I06,正港奇片漫畫工作室
3,"I07,I08",賽路伊斯-七曜個人
3,"I09,I10",町町噹噹狗生活
3,"I11,I12",烯醇enol
3,"I13,I14",景美仙姬巖
3,I15,Mr.Dom插畫
3,"I16,I17",攻勢主義
3,I18,窩窩兔的兔兔窩
3,"I19,I20",LSS的機械陣地
3,"I21,I22",墨繪師御歌頭
3,I23,德意少女
3,I24,Shouki’s nest
3,"I25,I26",SQUARD FIVE
3,I27,和羽と天羽
3,I28,Orange柳丁喵
3,I29,易爛
3,I30,微光創造
3,"I31,I32",conscious8th
3,I33,G&K modeling
3,I34,獸獸的玩具？ fur.shop
3,"I35,I36",粹心齋 模創空間
3,I37,KAYASE STUDIO
3,I38,貓晏的小舖
3,"I39,I40",老雁小坊
3,I41,好點子
3,I42,怪獸箱_monsterbox
3,"I43,I44",眾惡堂工坊
3,"J01,J02",日落之旅藥水舖
3,"J03,J04",琉璃茉莉 原創設計
3,J05,若若食堂
3,J06,Jolee二創手作
3,"J07,J08",手創館
3,"J09,J10",ZAP製造所
3,"J11,J12",狸奴小築
3,"J13,J14",A-Brei Atelier
3,"J15,J16",薛頭的塞
3,"J17,J18",甜珍珠
3,"J19,J20",小壽司的快樂板板
3,"J21,J22",Hua華兔
3,"J23,J24",好惠圖屋
3,"J25,J26",廢寢忘食還是想不到名字
3,J27,LemonQOQ畫不完 想睡覺
3,"J28,J29",白色花園
3,J30,VIOLA已躺平
3,"J31,J32",小文西畫廊
3,J33,Meows Create 子猫丸
3,J34,平面狂想
3,J35,SSRB無限地下勞動部
3,J36,超頻者佑霖
3,J38,粗線條工房
3,J39,ふわふわにく屋
3,J40,草莓大亨堡
3,"J41,J42",鱷魚恐龍工作室
3,"J43,J44",六樓忍者村
3,"K01,K02",鬼歌Obake
3,"K03,K04",ZZZSTUDIO•樹懶工作室
3,K05,羊的老鼠窩
3,K06,DDD大王
3,K07,櫻花雪月
3,K08,來世想當水母
3,"K09,K10",路地裏同盟
3,K11,兀幾斗wugedou
3,K12,浣熊會洗棉花糖
3,K13,愛過橘毛陣線
3,K14,致富密碼
3,"K15,K16",Miki is Otaku
3,"K17,K18",拌飯ビビンバ
3,K19,火星入侵
3,K20,丫鴨
3,"K21,K22",howu好油聚集地
3,"K23,K24",士雷
3,"K25,K26",富士繪社
3,K27,李神隨便畫
3,K28,繪宅米行
3,K29,月見猫屋
3,K30,闇光社
3,"K31,K32",T.A.K.O.水族館
3,K33,青頭白龍
3,K34,阿嵐章魚繪圖手作舖
3,K35,馬鈴薯
3,K36,早安柴之美
3,"K37,K38",DeityMark
3,K39,海生番茄
3,K40,Anifanshion
3,"K41,K42",猫犬屋
3,"K43,K44",咪狗工作室
3,"L01,L02",AE
3,"L03,L04",一心三惑
3,L05,烏冬傳說
3,L06,一虎虎虎
3,L07,寄夢
3,L08,蘿瑪ロマ
3,L09,阿不思1號
3,L10,Experiment BitsByBits
3,"L11,L12",Fikushon 虛構社
3,"L13,L14",丁丁烤魚魚
3,"L15,L16",萌夜茶会
3,L17,島明
3,L18,黑糖糕感謝祭
3,"L19,L20",黎查
3,L21,PoiLiang
3,L22,Aironia
3,L23,虛擬家長會-YUAN
3,L24,星軌工作室
3,L25,獨角貓貓星球
3,L26,喵漾日和
3,"L27,L28",銀河菓子店
3,L29,米型自動複製單元
3,L30,粉白史萊姆的黏黏窩
3,L31,鳥語花箱
3,L32,JEN._.
3,L33,你們是女同事嗎
3,L34,地圖邊界的浣熊窩
3,L35,Ikusen
3,L36,波乙馬桶
3,"L37,L38",N.D.S.L.
3,L39,奶油玉米的呆毛
3,L40,Cunomon庫糯夢
3,L41,赤月工作室_AKA Tsuki
3,L42,正經同人
3,"L43,L44",月貓創意
3,M01,薄荷花園
3,M02,北極雪兔窩
3,"M03,M04",庫洛姆•Kuromu
3,M05,福呱娛樂
3,M06,與史萊姆共生的惡魔公主
3,"M07,M08",SamoAgo
3,"M09,M10",紫貓屋ZimaoStudio
3,M11,逐星工作室
3,M12,彩魚七海
3,M13,眾水之音
3,M14,心桃魅夢
3,M15,雲上貓
3,M16,方舟 Ark
3,M17,Daidai是隻貓
3,M18,夏日吉典
3,M19,咕咕郵務所
3,M20,人見巫拉拉
3,"M21,M22",卡爾比
3,"M23,M24",七兔不好吃
3,"M25,M26",阡狐Huni
3,M27,XiYun Studio
3,M28,花間絮語
3,M29,棉
3,"M30,M31",聽說填這個會上
3,M32,桑好美盤
3,M33,龍魔女望夜
3,M34,捏捏捏祈
3,M35,秋芽與小花蕉
3,M36,箱庭盆栽
3,M37,翊丰嵐繪圖屋
3,M38,洛氏宗親會
3,M39,Nicha茶茶
3,M40,軟綿牧場
3,M41,瑪斯家
3,M42,RE炸雞店
3,"M43,M44",天風耳膜一天用十副
3,"N01,N02",杏。Xing
3,N03,雙雙屋YOYOYA
3,N04,Harkyan
3,N05,"No day,no night"
3,N06,玥炭繪館
3,N07,悶騷的盤子
3,N09,星球蛋糕捲
3,N10,兔王
3,N11,URA BOU
3,N12,Nemumi Parfait
3,N13,奶凰包
3,N14,沙拉油滑倒油
3,N15,SPICAT
3,N16,抱大腿的魚璣懶洋洋
3,N17,咪咪協會
3,N18,卡滋箱
3,"N19,N20",飛翔吧！埼玉湾連合
3,"N21,N22",Moe Linkage
3,N23,蝶屋和猫
3,N24,拜託快來買學馬仕合同
3,N25,真央城公園
3,N26,爆裂プレート
3,"N27,N28",九尾貓desu
3,N29,這個名字有毒
3,N30,惰性液態
3,N31,Lycoris Garden
3,N32,瑞宅
3,N34,SAKUSAKU
3,N35,青葉工房
3,N36,AiTower
3,"N37,N38",待援生活
3,N39,黑暗小倉庫
3,N40,風啟物語
3,N41,iketara_iku × Ma.
3,N42,萬象澄澈
3,N43,Varlyn琳
3,N44,TiraMisuMisu
3,"O01,O02",御宅eden
3,"O03,O04",Prodejavu
3,O05,PIKA NEKO
3,O06,雲尾Art Works
3,O07,Kuro Kanin
3,O08,ArnebWorks
3,O09,甲Yeetの泡麵館
3,O10,Arrow Workshop
3,"O11,O12",休止狐不是羞恥狐
3,O13,Asa
3,O14,企鵝工坊
3,O15,王福的高速過彎填海打卡點
3,O16,小撿存檔點
3,O17,半里廣場
3,O18,四季注意
3,O19,春夏秋冬王國
3,O20,雜草丸子的培養皿
3,O21,禽舍漫畫老濕
3,O22,Noho
3,"O23,O24",Cilentz
3,"O25,O26",Torinosu
3,O27,奇譚異書齋
3,O28,琉璃庭
3,"O29,O30",蜂巢
3,O31,Tomotan
3,O32,Okita Kung
3,"O33,O34",Tomodachi
3,"O35,O36",蛞蝓.菠菜丼
3,"O37,O38",GS Virtual
3,"O39,O40",咪歐歐宇宙
3,"O41,O42",紫晶星宇 白靈子&亞拉希
3,O43,聖瑪莉修道院
3,O44,星野ちゃん
3,P01,秋荻少女
3,P02,EWAI
3,P03,赤泉重工
3,P04,MapleSyrup
3,P05,Ekoru(代理)
3,P06,よねや
3,P07,Tempest 日本社團
3,P08,貓卵亭
3,P09,R.H本舖
3,P10,海苔章魚燒
3,P11,雞肉卷集團
3,P12,蘿莉甜點工坊
3,"P13,P14",隨意坊
3,"P15,P16",湯原駅三十五番線
3,"P17,P18",BlueMage
3,"P19,P20",心動大鳥團
3,P21,KUWAZA哭挖砸
3,P22,鈴澤姛
3,"P23,P24",蛋白質会社
3,P25,左手有六指
3,P26,次文化夾縫
3,P27,ズイカク・フィクスター
3,P28,塗鴉時空間
3,P29,檸檬酸循環
3,P30,完全に完璧に全壁に変態
3,"P31,P32",迷你翠
3,"P33,P34",馬賽克 Mosaics
3,"P35,P36",Cigar Cat
3,P37,豪Q喵小舖
3,P38,長頸鹿梅雨
3,P39,古藤工作室 by MOMO
3,P40,Id_Han
3,P41,迪達迪達達
3,P42,蘿莉楓糖漿
3,P43,五連裝酸素茶葉罐
3,P44,東泉重車
3,"Q01,Q02",伶伶 Linnng
3,Q03,汪汪 Won Cosplay
3,Q04,隳光拾影
3,Q05,小薰的百變魔法衣櫥
3,Q06,小咩
3,"Q07,Q08",茉沫*MoMo
3,Q09,逆時空三次元
3,Q10,你看這裡有一隻KIN
3,"Q11,Q12",HIKOHIKO
3,"Q13,Q14",阿兆Ajo
3,Q15,兔紙Tuchih
3,Q16,月宮櫻Tsukimiya Sakura
3,Q17,Stityo悠
3,Q18,K的3次方
3,"Q19,Q20",wendydydydy
3,"Q21,Q22",咖啡 cosplay
3,"Q23,Q24",#DREAMProject [JooA Cosplay]
3,"Q25,Q26",Ola Aphrodite
3,"Q27,Q28",AOI
3,Q29,Shiori cosplay
3,Q30,三喬主公
3,Q31,筱望 SiuMong
3,Q32,工口中毒ガールM10
3,"Q33,Q34",黑川小牛的家
3,Q35,芋泥啵啵鮮奶綠
3,Q36,貓草DAMA
3,Q37,剖貼頭 ✧ potato
3,Q38,百合吉娃娃
3,"Q39,Q40",優 Yuki Cosplay
3,"Q41,Q42",小律 Ritsu
3,"Q43,Q44",火火KaKa
3,"R01,R02",‘+Ely Cosplay+
3,"R03,R04",MIYANA咪呀
3,"R05,R06",結Yuiゆい
3,R07,0蛋黃女子由奈0
3,R08,野兔_Usako
3,R09,哈捏Hane
3,R10,阿慧社
3,"R11,R12",ShiragaYanko小泱
3,"R13,R14",一個簡單的黛黛
3,"R15,R16",荼蘼的祕密花園
3,"R17,R18",米浮mifu
3,"R19,R20",周荀 DenKa
3,"R21,R22",三三殿下駕到
3,"R23,R24",玄子Genko
3,"R25,R26",Tsuru鶴葵
3,R27,雨白掐哩甲白粉
3,R28,小琪 Aki Cosplayer
3,"R29,R30",May梅 Cosplayer
3,R31,瑞紗Coresa
3,R32,嚕卡蹦分貝超過100
3,"R33,R34",李龜Leeki
3,"R35,R36",我4亞羅
3,"R37,R38",艾青的眾青平身
3,R39,#DREAMProject Momo
3,"R40,R41",#DREAMProject Shimo
3,R42,#DREAMProject Usagi羽咲
3,"R43,R44",#DREAMProject Neneko
3,"S01,S02",つくねわーるど【DREAM.Project】
3,"S03,S04",猫田にまたたび
3,S05,みゃーのもと
3,S06,エビデタイヲツル
3,"S07,S08",にもりうむ
3,S09,くるみゆべし
3,S10,りんごの木
3,S11,ひなのお茶会
3,S12,Keeko Club
3,S13,せなねっとさん
3,S14,小町牧場
3,"S15,S16",湯姆貓工作室
3,"S17,S18",すずらまーと！！
3,"S19,S20",non_nonsummerjack
3,S21,kao_Graphy
3,S22,HinataCollection
3,"S23,S24",シスルGenesith
3,S25,キッカニッキ
3,S26,あみったけ
3,"S27,S28",ありぃずこーひー
3,"S29,S30",えい梨Eilias
3,S31,Puo mart
3,S32,こんにゃろめ！
3,"S33,S34",JILI
3,S35,ユカニュンの生贄-YUKA HANYU-
3,S36,cho~
3,S37,つぐつぐ
3,S38,水月研究所
3,S39,朵莉 Tori
3,S40,Nao Cosplay
3,S41,紫姝Murasaki
3,S42,よみ_Yomi
3,"S43,S44",小翼小光180
3,"T01,T02",餓小璇Miu
3,"T03,T04",Tee
3,"T05,T06",星空下的白日夢
3,"T07,T08",空姊姊的異想世界
3,T09,麥茶工作坊
3,T10,肉まん研究会
3,T11,包子研究社
3,T12,Hiroshi studio
3,"T13,T14",小羽feather
3,"T15,T16",鮪魚水中游
3,"T17,T18",角落人生_潔
3,"T19,T20",喬莉Choely
3,"T21,T22",Helene海琳
3,"T23,T24",YuDan魚蛋
3,"T25,T26",林檎有駕照
3,"T27,T28",尊尊快樂狗園
3,T29,栞栞與她的奇妙小夥伴
3,T30,Have a Nai’s day
3,T32,梓瞳ziton
3,"T33,T34",AKANE Cosplay
3,T35,阿璇Xuan
3,"T36,T37",文西朋友
3,T38,蜜雅mia
3,"T39,T40",曇kumori
3,T41,Luoying
3,T42,小朵time
3,"T43,T44",教皇和牛專賣工作室
3,"U01,U02",紡星社
3,"U03,U04",角角吉診室
3,U05,MWKK
3,U06,MR工作室
3,U07,PassingRain通り雨
3,U08,地方的哭逼有了繪版
3,"U09,U10",Anon Taiwan
3,"U11,U12",HAGI_art
3,"U13,U14",一輩子少女樂團
3,U15,蟲蟲商號
3,U16,狐狸的尾巴
3,U17,KARAS押形
3,U18,K醬
3,U19,魚燒
3,U20,Weige
3,U21,SLOW START
3,U22,日初翱祥-陌千
3,U23,Alice Hobbey何比
3,U24,香のん可可 澁谷本舖
3,U25,野菇軍艦
3,U26,Masi
3,"U27,U28",田中水草
3,U29,VSPOT
3,U30,雙馬尾協會
3,U31,實體化技師團
3,U32,MinuetWorks
3,U33,ボカロ虛擬歌姬交流會
3,U34,秋奈-AKINA
3,U35,尿酸値下げ隊
3,U36,HOTCUE.
3,"U37,U38",木子的百合花園
3,U39,絕讚發情中
3,U40,肉球不加蛋
3,U41,J9文創鋪
3,U42,自由黑貓的紙箱
3,U43,2.5
3,U44,小菊小花園
3,"V01,V02",大幼蟲
3,"V03,V04",MIBRY
3,"V05,V06",千煂+BS
3,V07,瑠璃瑠璃企画
3,V08,蘿蔔農學院
3,"V09,V10",貓專用牛乳
3,V11,卯時日和
3,V12,小白鹿 WHITE DEER
3,V13,陪騎的快樂小舖
3,V14,黑嚕嚕的六華貓
3,"V15,V16",貓咪窩
3,V17,奶油栗子大棕熊
3,V18,好緊先生
3,V19,雷光刻幻
3,V20,盛櫻之汀
3,"V21,V22",心動美栗
3,"V23,V24",阿提Mzcca
3,"V25,V26",倫語project
3,V27,稚稚丸
3,V28,大福喵喵
3,V29,Lolipop Complete
3,V30,交大動畫社
3,V31,交大 VTuber 社
3,V32,百元肉肉
3,V33,春ばる繪屋
3,V34,無病習齋
3,V35,みゆる〜む伊月的空間
3,V36,NTUCCC台大卡漫社
3,V37,Socotaku帝大社研宅學組
3,V38,歸宅本部
3,"V39,V40",猛少女之拳
3,V41,AZURE DRAGON
3,V42,黑毛圈圈
3,"V43,V44",風鈴檔案W.C.A
3,W01,XIxeong
3,W02,K_Pring
3,"W03,W04",BIYA
3,"W05,W06",DISH
3,"W07,W08",REI’s ROOM
3,"W09,W10",鈴屋
3,"W11,W12",Bubble Wave
3,"W13,W14",罐子牧場
3,"W15,W16",消波ブロック社
3,"W17,W18",Bygin-白巾
3,"W19,W20",儒宅 Ruzhai
3,"W21,W22",醉宮Yomiya
3,"W23,W24",地獄熱炒店
3,"W25,W26",いおいおいおりん
3,"W27,W28",Goro
3,"W29,W30",Neko2AirLine
3,"W31,W32",背骨貓屋
3,"W33,W34",星花火
3,"W35,W36",風林火山 Naturefour
3,"W37,W38",SAKI-LAND
3,"W39,W40",Catity cosplay
3,"W41,W42",雨波HaneAme
